{
  "initialization_time_control": 0.16950631141662598,
  "execution_time_control": 499.4562861919403,
  "total_time": 499.62579250335693
}