{
  "initialization_time_control": 0.16678237915039062,
  "execution_time_control": 74.23464822769165,
  "total_time": 74.40143060684204
}