{
  "initialization_time_control": 0.16033482551574707,
  "execution_time_control": 224.53007006645203,
  "total_time": 224.69040489196777
}