{
  "initialization_time_control": 0.126007080078125,
  "execution_time_control": 64.98687386512756,
  "total_time": 65.11288094520569
}