{
  "initialization_time_control": 0.17213749885559082,
  "execution_time_control": 123.23106527328491,
  "total_time": 123.4032027721405
}