{
  "initialization_time_control": 0.16422820091247559,
  "execution_time_control": 133.3178412914276,
  "total_time": 133.4820694923401
}