{
  "initialization_time_control": 0.14360451698303223,
  "execution_time_control": 86.407475233078,
  "total_time": 86.55107975006104
}