{
  "initialization_time_control": 0.1391446590423584,
  "execution_time_control": 65.35017395019531,
  "total_time": 65.48931860923767
}