{
  "initialization_time_control": 0.1389164924621582,
  "execution_time_control": 183.80780005455017,
  "total_time": 183.94671654701233
}