{
  "initialization_time_control": 0.13896751403808594,
  "execution_time_control": 69.19463920593262,
  "total_time": 69.3336067199707
}