{
  "initialization_time_control": 0.1384899616241455,
  "execution_time_control": 372.51724648475647,
  "total_time": 372.6557364463806
}