{
  "initialization_time_control": 0.1389756202697754,
  "execution_time_control": 50.31940960884094,
  "total_time": 50.45838522911072
}