{
  "initialization_time_control": 0.14412832260131836,
  "execution_time_control": 118.9052300453186,
  "total_time": 119.04935836791992
}