{"per_step_avg": {"cic": 16.535114765167236, "fft": 0.6889185428619384, "interp": 72.1501690864563, "total": 89.37420239448548}, "extrapolated_total": 4468.710119724274}