{
  "gpu_per_step": 0.06630020209122449,
  "cpu_per_step": 89.37420239448548,
  "speedup": 1348.0230764834287,
  "gpu_cic": 0.006956456229090691,
  "gpu_fft": 0.051484262407757345,
  "gpu_interp": 0.007859483454376459
}