{
  "gpu_per_step": {
    "cic": 6.98572056335009,
    "fft": 0.7102828563268607,
    "interp": 4.217296016324933,
    "total": 11.913299436001884
  },
  "cpu_per_step": 89.4,
  "speedup": 7.504218330132289
}