{
  "initialization_time_control": 0.1769237518310547,
  "execution_time_control": 92.5296196937561,
  "total_time": 92.70654344558716
}