{
  "initialization_time_control": 0.17330503463745117,
  "execution_time_control": 157.7402741909027,
  "total_time": 157.91357922554016
}