{
  "initialization_time_control": 0.16935086250305176,
  "execution_time_control": 96.38380861282349,
  "total_time": 96.55315947532654
}