{
  "initialization_time_control": 0.18255949020385742,
  "execution_time_control": 288.6489701271057,
  "total_time": 288.83152961730957
}