{
  "initialization_time_control": 0.17362284660339355,
  "execution_time_control": 53.02671456336975,
  "total_time": 53.200337409973145
}