{
  "initialization_time_control": 0.17360401153564453,
  "execution_time_control": 1417.785181760788,
  "total_time": 1417.9587857723236
}