{
  "initialization_time_control": 0.12759828567504883,
  "execution_time_control": 60.019925355911255,
  "total_time": 60.147523641586304
}