{
  "initialization_time_planning": 0.3132305145263672,
  "execution_time_planning": 92.73463106155396,
  "total_time": 93.04786157608032
}