{
  "n_steps": 80,
  "total_time_s": 67.72030330402777,
  "per_step_avg_s": 0.8452436246225261,
  "cpu_per_step_s": 89.37420239448548,
  "speedup": 105.73780125747619,
  "n_particles": 2097152
}