{
  "initialization_time_planning": 0.13661813735961914,
  "execution_time_planning": 127.42295217514038,
  "total_time": 127.5595703125
}