{
  "initialization_time_control": 0.14251923561096191,
  "execution_time_control": 149.75426268577576,
  "total_time": 149.89678192138672
}