{
  "initialization_time_control": 0.14852356910705566,
  "execution_time_control": 130.9431529045105,
  "total_time": 131.09167647361755
}