{
  "initialization_time_control": 0.14767742156982422,
  "execution_time_control": 71.36270213127136,
  "total_time": 71.51037955284119
}