{
  "initialization_time_control": 0.16212987899780273,
  "execution_time_control": 55.41820454597473,
  "total_time": 55.580334424972534
}