{
  "initialization_time_control": 0.14875054359436035,
  "execution_time_control": 85.6578848361969,
  "total_time": 85.80663537979126
}