{
  "initialization_time_control": 0.1419074535369873,
  "execution_time_control": 90.382084608078,
  "total_time": 90.52399206161499
}