{
  "initialization_time_control": 0.13875889778137207,
  "execution_time_control": 52.27588224411011,
  "total_time": 52.41464114189148
}