{
  "initialization_time_control": 0.1393594741821289,
  "execution_time_control": 205.97709226608276,
  "total_time": 206.1164517402649
}