{
  "initialization_time_control": 0.14441370964050293,
  "execution_time_control": 52.67149758338928,
  "total_time": 52.815911293029785
}