{
  "initialization_time_planning": 0.18079018592834473,
  "execution_time_planning": 130.54409623146057,
  "total_time": 130.72488641738892
}