{"cic": {"avg_step": 0.13232851028442383, "total_extrapolated": 66.16425514221191}, "fft": {"avg_step": 6.182866748174032, "total_extrapolated": 3091.433374087016}, "force": {"avg_step": 0.0045471668243408205, "total_extrapolated": 2.27358341217041}, "int": {"avg_step": 2.3365020751953125e-05, "total_extrapolated": 0.011682510375976562}}