{
  "initialization_time_planning": 0.14292073249816895,
  "execution_time_planning": 126.24822878837585,
  "total_time": 126.39114952087402
}